url,image_url,scientific_name,common_name
http://www.inaturalist.org/observations/12009,https://inaturalist-open-data.s3.amazonaws.com/photos/24026/medium.jpg,Carcharhinus amblyrhynchos,Grey Reef Shark
http://www.inaturalist.org/observations/39997,https://inaturalist-open-data.s3.amazonaws.com/photos/66524/medium.jpg,Carcharhinus amblyrhynchos,Grey Reef Shark
http://www.inaturalist.org/observations/163857,http://static.inaturalist.org/photos/220236/medium.jpg,Carcharhinus amblyrhynchos,Grey Reef Shark
http://www.inaturalist.org/observations/164256,http://static.inaturalist.org/photos/220558/medium.jpg,Carcharhinus amblyrhynchos,Grey Reef Shark
http://www.inaturalist.org/observations/164258,http://static.inaturalist.org/photos/220560/medium.jpg,Carcharhinus amblyrhynchos,Grey Reef Shark
http://www.inaturalist.org/observations/164921,https://inaturalist-open-data.s3.amazonaws.com/photos/221127/medium.jpg,Carcharhinus amblyrhynchos,Grey Reef Shark
http://www.inaturalist.org/observations/178447,https://inaturalist-open-data.s3.amazonaws.com/photos/233417/medium.jpg,Carcharhinus amblyrhynchos,Grey Reef Shark
http://www.inaturalist.org/observations/364678,https://inaturalist-open-data.s3.amazonaws.com/photos/455292/medium.jpg,Carcharhinus amblyrhynchos,Grey Reef Shark
http://www.inaturalist.org/observations/436934,https://inaturalist-open-data.s3.amazonaws.com/photos/550043/medium.jpg,Carcharhinus amblyrhynchos,Grey Reef Shark
http://www.inaturalist.org/observations/442297,https://inaturalist-open-data.s3.amazonaws.com/photos/556697/medium.jpg,Carcharhinus amblyrhynchos,Grey Reef Shark
http://www.inaturalist.org/observations/468331,https://inaturalist-open-data.s3.amazonaws.com/photos/590899/medium.jpg,Carcharhinus amblyrhynchos,Grey Reef Shark
http://www.inaturalist.org/observations/469363,https://inaturalist-open-data.s3.amazonaws.com/photos/592248/medium.jpg,Carcharhinus amblyrhynchos,Grey Reef Shark
http://www.inaturalist.org/observations/482492,https://inaturalist-open-data.s3.amazonaws.com/photos/609979/medium.jpg,Carcharhinus amblyrhynchos,Grey Reef Shark
http://www.inaturalist.org/observations/551203,https://inaturalist-open-data.s3.amazonaws.com/photos/703293/medium.jpg,Carcharhinus amblyrhynchos,Grey Reef Shark
http://www.inaturalist.org/observations/551205,https://inaturalist-open-data.s3.amazonaws.com/photos/703295/medium.jpg,Carcharhinus amblyrhynchos,Grey Reef Shark
http://www.inaturalist.org/observations/552425,https://inaturalist-open-data.s3.amazonaws.com/photos/704709/medium.jpg,Carcharhinus amblyrhynchos,Grey Reef Shark
http://www.inaturalist.org/observations/552431,https://inaturalist-open-data.s3.amazonaws.com/photos/704715/medium.jpg,Carcharhinus amblyrhynchos,Grey Reef Shark
http://www.inaturalist.org/observations/553993,https://inaturalist-open-data.s3.amazonaws.com/photos/706145/medium.jpg,Carcharhinus amblyrhynchos,Grey Reef Shark
http://www.inaturalist.org/observations/556343,https://inaturalist-open-data.s3.amazonaws.com/photos/709267/medium.jpg,Carcharhinus amblyrhynchos,Grey Reef Shark
http://www.inaturalist.org/observations/556457,https://inaturalist-open-data.s3.amazonaws.com/photos/709445/medium.jpg,Carcharhinus amblyrhynchos,Grey Reef Shark
http://www.inaturalist.org/observations/556458,https://inaturalist-open-data.s3.amazonaws.com/photos/709446/medium.jpg,Carcharhinus amblyrhynchos,Grey Reef Shark
http://www.inaturalist.org/observations/560444,https://inaturalist-open-data.s3.amazonaws.com/photos/713851/medium.jpg,Carcharhinus amblyrhynchos,Grey Reef Shark
http://www.inaturalist.org/observations/561003,https://inaturalist-open-data.s3.amazonaws.com/photos/714577/medium.jpg,Carcharhinus amblyrhynchos,Grey Reef Shark
http://www.inaturalist.org/observations/561004,https://inaturalist-open-data.s3.amazonaws.com/photos/714576/medium.jpg,Carcharhinus amblyrhynchos,Grey Reef Shark
http://www.inaturalist.org/observations/561523,https://inaturalist-open-data.s3.amazonaws.com/photos/715426/medium.jpg,Carcharhinus amblyrhynchos,Grey Reef Shark
http://www.inaturalist.org/observations/561526,https://inaturalist-open-data.s3.amazonaws.com/photos/715429/medium.jpg,Carcharhinus amblyrhynchos,Grey Reef Shark
http://www.inaturalist.org/observations/561529,https://inaturalist-open-data.s3.amazonaws.com/photos/715432/medium.jpg,Carcharhinus amblyrhynchos,Grey Reef Shark
http://www.inaturalist.org/observations/561531,https://inaturalist-open-data.s3.amazonaws.com/photos/715434/medium.jpg,Carcharhinus amblyrhynchos,Grey Reef Shark
http://www.inaturalist.org/observations/561532,https://inaturalist-open-data.s3.amazonaws.com/photos/715435/medium.jpg,Carcharhinus amblyrhynchos,Grey Reef Shark
http://www.inaturalist.org/observations/724670,https://inaturalist-open-data.s3.amazonaws.com/photos/910198/medium.jpg,Carcharhinus amblyrhynchos,Grey Reef Shark
http://www.inaturalist.org/observations/736253,https://inaturalist-open-data.s3.amazonaws.com/photos/925345/medium.JPG,Carcharhinus amblyrhynchos,Grey Reef Shark
http://www.inaturalist.org/observations/1111326,https://inaturalist-open-data.s3.amazonaws.com/photos/1396962/medium.jpg,Carcharhinus amblyrhynchos,Grey Reef Shark
http://www.inaturalist.org/observations/1272387,https://inaturalist-open-data.s3.amazonaws.com/photos/1596296/medium.jpg,Carcharhinus amblyrhynchos,Grey Reef Shark
http://www.inaturalist.org/observations/1289758,https://inaturalist-open-data.s3.amazonaws.com/photos/1617867/medium.jpg,Carcharhinus amblyrhynchos,Grey Reef Shark
http://www.inaturalist.org/observations/1532713,https://inaturalist-open-data.s3.amazonaws.com/photos/1898900/medium.jpg,Carcharhinus amblyrhynchos,Grey Reef Shark
http://www.inaturalist.org/observations/1622559,http://static.inaturalist.org/photos/1992451/medium.jpg,Carcharhinus amblyrhynchos,Grey Reef Shark
http://www.inaturalist.org/observations/1887345,https://inaturalist-open-data.s3.amazonaws.com/photos/2301184/medium.jpg,Carcharhinus amblyrhynchos,Grey Reef Shark
http://www.inaturalist.org/observations/2411240,https://inaturalist-open-data.s3.amazonaws.com/photos/2691746/medium.JPG,Carcharhinus amblyrhynchos,Grey Reef Shark
http://www.inaturalist.org/observations/3264982,https://inaturalist-open-data.s3.amazonaws.com/photos/3775476/medium.jpg,Carcharhinus amblyrhynchos,Grey Reef Shark
http://www.inaturalist.org/observations/3264985,https://inaturalist-open-data.s3.amazonaws.com/photos/3775479/medium.jpg,Carcharhinus amblyrhynchos,Grey Reef Shark
http://www.inaturalist.org/observations/3296110,https://inaturalist-open-data.s3.amazonaws.com/photos/3809702/medium.jpg,Carcharhinus amblyrhynchos,Grey Reef Shark
http://www.inaturalist.org/observations/4107045,http://static.inaturalist.org/photos/4880570/medium.jpg,Carcharhinus amblyrhynchos,Grey Reef Shark
http://www.inaturalist.org/observations/4242216,http://static.inaturalist.org/photos/5070723/medium.jpg,Carcharhinus amblyrhynchos,Grey Reef Shark
http://www.inaturalist.org/observations/4242352,http://static.inaturalist.org/photos/5070955/medium.jpg,Carcharhinus amblyrhynchos,Grey Reef Shark
http://www.inaturalist.org/observations/4497678,https://inaturalist-open-data.s3.amazonaws.com/photos/5435462/medium.jpeg,Carcharhinus amblyrhynchos,Grey Reef Shark
http://www.inaturalist.org/observations/4584014,https://inaturalist-open-data.s3.amazonaws.com/photos/5537680/medium.jpg,Carcharhinus amblyrhynchos,Grey Reef Shark
http://www.inaturalist.org/observations/4584016,https://inaturalist-open-data.s3.amazonaws.com/photos/5537682/medium.jpg,Carcharhinus amblyrhynchos,Grey Reef Shark
http://www.inaturalist.org/observations/4644118,https://inaturalist-open-data.s3.amazonaws.com/photos/5622224/medium.jpg,Carcharhinus amblyrhynchos,Grey Reef Shark
http://www.inaturalist.org/observations/4644358,https://inaturalist-open-data.s3.amazonaws.com/photos/5622461/medium.jpg,Carcharhinus amblyrhynchos,Grey Reef Shark
https://www.inaturalist.org/observations/4837842,https://static.inaturalist.org/photos/5872685/medium.jpg,Carcharhinus amblyrhynchos,Grey Reef Shark
https://www.inaturalist.org/observations/4837851,https://static.inaturalist.org/photos/5872715/medium.jpg,Carcharhinus amblyrhynchos,Grey Reef Shark
https://www.inaturalist.org/observations/4844418,https://inaturalist-open-data.s3.amazonaws.com/photos/5882471/medium.jpg,Carcharhinus amblyrhynchos,Grey Reef Shark
https://www.inaturalist.org/observations/4875729,https://inaturalist-open-data.s3.amazonaws.com/photos/5926794/medium.jpg,Carcharhinus amblyrhynchos,Grey Reef Shark
https://www.inaturalist.org/observations/5287145,https://static.inaturalist.org/photos/6539070/medium.jpg,Carcharhinus amblyrhynchos,Grey Reef Shark
https://www.inaturalist.org/observations/6443249,https://inaturalist-open-data.s3.amazonaws.com/photos/8140454/medium.jpg,Carcharhinus amblyrhynchos,Grey Reef Shark
https://www.inaturalist.org/observations/6454878,https://inaturalist-open-data.s3.amazonaws.com/photos/8158244/medium.jpg,Carcharhinus amblyrhynchos,Grey Reef Shark
https://www.inaturalist.org/observations/6463416,https://inaturalist-open-data.s3.amazonaws.com/photos/8171382/medium.jpg,Carcharhinus amblyrhynchos,Grey Reef Shark
https://www.inaturalist.org/observations/6904710,https://inaturalist-open-data.s3.amazonaws.com/photos/8812864/medium.jpg,Carcharhinus amblyrhynchos,Grey Reef Shark
https://www.inaturalist.org/observations/7317385,https://static.inaturalist.org/photos/9475179/medium.jpg,Carcharhinus amblyrhynchos,Grey Reef Shark
https://www.inaturalist.org/observations/7517048,https://static.inaturalist.org/photos/9799132/medium.jpg,Carcharhinus amblyrhynchos,Grey Reef Shark
https://www.inaturalist.org/observations/8356267,https://static.inaturalist.org/photos/11105681/medium.jpg,Carcharhinus amblyrhynchos,Grey Reef Shark
https://www.inaturalist.org/observations/8440028,https://inaturalist-open-data.s3.amazonaws.com/photos/11242775/medium.jpeg,Carcharhinus amblyrhynchos,Grey Reef Shark
https://www.inaturalist.org/observations/8542178,https://static.inaturalist.org/photos/11411855/medium.jpg,Carcharhinus amblyrhynchos,Grey Reef Shark
https://www.inaturalist.org/observations/8758025,https://inaturalist-open-data.s3.amazonaws.com/photos/11760522/medium.jpg,Carcharhinus amblyrhynchos,Grey Reef Shark
https://www.inaturalist.org/observations/8873217,https://inaturalist-open-data.s3.amazonaws.com/photos/11931450/medium.jpg,Carcharhinus amblyrhynchos,Grey Reef Shark
https://www.inaturalist.org/observations/8882096,https://inaturalist-open-data.s3.amazonaws.com/photos/11945565/medium.jpg,Carcharhinus amblyrhynchos,Grey Reef Shark
https://www.inaturalist.org/observations/8891365,https://static.inaturalist.org/photos/11961467/medium.jpg,Carcharhinus amblyrhynchos,Grey Reef Shark
https://www.inaturalist.org/observations/8903963,https://inaturalist-open-data.s3.amazonaws.com/photos/11982805/medium.jpg,Carcharhinus amblyrhynchos,Grey Reef Shark
https://www.inaturalist.org/observations/8955209,https://inaturalist-open-data.s3.amazonaws.com/photos/12070026/medium.jpg,Carcharhinus amblyrhynchos,Grey Reef Shark
https://www.inaturalist.org/observations/9245967,https://inaturalist-open-data.s3.amazonaws.com/photos/12517203/medium.jpeg,Carcharhinus amblyrhynchos,Grey Reef Shark
https://www.inaturalist.org/observations/9505407,https://static.inaturalist.org/photos/12953060/medium.jpg,Carcharhinus amblyrhynchos,Grey Reef Shark
https://www.inaturalist.org/observations/9749306,https://static.inaturalist.org/photos/13346092/medium.jpg,Carcharhinus amblyrhynchos,Grey Reef Shark
https://www.inaturalist.org/observations/9876619,https://static.inaturalist.org/photos/13535537/medium.jpg,Carcharhinus amblyrhynchos,Grey Reef Shark
https://www.inaturalist.org/observations/9918505,https://inaturalist-open-data.s3.amazonaws.com/photos/13606261/medium.jpg,Carcharhinus amblyrhynchos,Grey Reef Shark
https://www.inaturalist.org/observations/9918525,https://inaturalist-open-data.s3.amazonaws.com/photos/13606283/medium.jpeg,Carcharhinus amblyrhynchos,Grey Reef Shark
https://www.inaturalist.org/observations/10041783,https://static.inaturalist.org/photos/13816498/medium.jpg,Carcharhinus amblyrhynchos,Grey Reef Shark
https://www.inaturalist.org/observations/10123254,https://static.inaturalist.org/photos/13958785/medium.jpg,Carcharhinus amblyrhynchos,Grey Reef Shark
https://www.inaturalist.org/observations/10158281,https://inaturalist-open-data.s3.amazonaws.com/photos/14019053/medium.jpeg,Carcharhinus amblyrhynchos,Grey Reef Shark
https://www.inaturalist.org/observations/10179392,https://static.inaturalist.org/photos/14055452/medium.jpg,Carcharhinus amblyrhynchos,Grey Reef Shark
https://www.inaturalist.org/observations/10612619,https://inaturalist-open-data.s3.amazonaws.com/photos/14801110/medium.jpg,Carcharhinus amblyrhynchos,Grey Reef Shark
https://www.inaturalist.org/observations/10718501,https://inaturalist-open-data.s3.amazonaws.com/photos/14974706/medium.jpg,Carcharhinus amblyrhynchos,Grey Reef Shark
https://www.inaturalist.org/observations/10782004,https://inaturalist-open-data.s3.amazonaws.com/photos/15084208/medium.jpg,Carcharhinus amblyrhynchos,Grey Reef Shark
https://www.inaturalist.org/observations/10793297,https://inaturalist-open-data.s3.amazonaws.com/photos/15104892/medium.jpg,Carcharhinus amblyrhynchos,Grey Reef Shark
https://www.inaturalist.org/observations/10807633,https://inaturalist-open-data.s3.amazonaws.com/photos/15132957/medium.jpg,Carcharhinus amblyrhynchos,Grey Reef Shark
https://www.inaturalist.org/observations/10813879,https://inaturalist-open-data.s3.amazonaws.com/photos/15145299/medium.jpg,Carcharhinus amblyrhynchos,Grey Reef Shark
https://www.inaturalist.org/observations/10900583,https://inaturalist-open-data.s3.amazonaws.com/photos/15318752/medium.jpg,Carcharhinus amblyrhynchos,Grey Reef Shark
https://www.inaturalist.org/observations/10974324,https://inaturalist-open-data.s3.amazonaws.com/photos/15450709/medium.jpg,Carcharhinus amblyrhynchos,Grey Reef Shark
https://www.inaturalist.org/observations/10990838,https://inaturalist-open-data.s3.amazonaws.com/photos/15482585/medium.jpg,Carcharhinus amblyrhynchos,Grey Reef Shark
https://www.inaturalist.org/observations/11025484,https://inaturalist-open-data.s3.amazonaws.com/photos/15549403/medium.jpg,Carcharhinus amblyrhynchos,Grey Reef Shark
https://www.inaturalist.org/observations/11025739,https://inaturalist-open-data.s3.amazonaws.com/photos/15549899/medium.jpg,Carcharhinus amblyrhynchos,Grey Reef Shark
https://www.inaturalist.org/observations/11031444,https://inaturalist-open-data.s3.amazonaws.com/photos/15560252/medium.jpg,Carcharhinus amblyrhynchos,Grey Reef Shark
https://www.inaturalist.org/observations/11120696,https://inaturalist-open-data.s3.amazonaws.com/photos/15722760/medium.jpg,Carcharhinus amblyrhynchos,Grey Reef Shark
https://www.inaturalist.org/observations/11129974,https://inaturalist-open-data.s3.amazonaws.com/photos/15737597/medium.jpeg,Carcharhinus amblyrhynchos,Grey Reef Shark
https://www.inaturalist.org/observations/12792385,https://static.inaturalist.org/photos/18546151/medium.jpg,Carcharhinus amblyrhynchos,Grey Reef Shark
https://www.inaturalist.org/observations/12820230,https://inaturalist-open-data.s3.amazonaws.com/photos/18593820/medium.jpeg,Carcharhinus amblyrhynchos,Grey Reef Shark
https://www.inaturalist.org/observations/12820751,https://static.inaturalist.org/photos/18595522/medium.jpg,Carcharhinus amblyrhynchos,Grey Reef Shark
https://www.inaturalist.org/observations/13599429,https://inaturalist-open-data.s3.amazonaws.com/photos/20007027/medium.jpg,Carcharhinus amblyrhynchos,Grey Reef Shark
https://www.inaturalist.org/observations/13826303,https://inaturalist-open-data.s3.amazonaws.com/photos/20400483/medium.jpeg,Carcharhinus amblyrhynchos,Grey Reef Shark
https://www.inaturalist.org/observations/14559261,https://inaturalist-open-data.s3.amazonaws.com/photos/21690271/medium.jpeg,Carcharhinus amblyrhynchos,Grey Reef Shark
https://www.inaturalist.org/observations/15148449,https://inaturalist-open-data.s3.amazonaws.com/photos/22644132/medium.jpeg,Carcharhinus amblyrhynchos,Grey Reef Shark
https://www.inaturalist.org/observations/15286306,https://inaturalist-open-data.s3.amazonaws.com/photos/22879292/medium.jpg,Carcharhinus amblyrhynchos,Grey Reef Shark
https://www.inaturalist.org/observations/15378619,https://static.inaturalist.org/photos/23045556/medium.jpg,Carcharhinus amblyrhynchos,Grey Reef Shark
https://www.inaturalist.org/observations/15761619,https://static.inaturalist.org/photos/23543504/medium.jpg,Carcharhinus amblyrhynchos,Grey Reef Shark
https://www.inaturalist.org/observations/16004937,https://inaturalist-open-data.s3.amazonaws.com/photos/23964028/medium.jpeg,Carcharhinus amblyrhynchos,Grey Reef Shark
https://www.inaturalist.org/observations/17007631,https://static.inaturalist.org/photos/25718367/medium.jpeg,Carcharhinus amblyrhynchos,Grey Reef Shark
https://www.inaturalist.org/observations/17348524,https://inaturalist-open-data.s3.amazonaws.com/photos/26340137/medium.jpeg,Carcharhinus amblyrhynchos,Grey Reef Shark
https://www.inaturalist.org/observations/17370790,https://static.inaturalist.org/photos/26382515/medium.jpeg,Carcharhinus amblyrhynchos,Grey Reef Shark
https://www.inaturalist.org/observations/17370879,https://static.inaturalist.org/photos/26382752/medium.jpeg,Carcharhinus amblyrhynchos,Grey Reef Shark
https://www.inaturalist.org/observations/17384675,https://static.inaturalist.org/photos/26407749/medium.jpeg,Carcharhinus amblyrhynchos,Grey Reef Shark
https://www.inaturalist.org/observations/17385408,https://static.inaturalist.org/photos/26409100/medium.jpeg,Carcharhinus amblyrhynchos,Grey Reef Shark
https://www.inaturalist.org/observations/17571628,https://static.inaturalist.org/photos/26745844/medium.jpeg,Carcharhinus amblyrhynchos,Grey Reef Shark
https://www.inaturalist.org/observations/17572671,https://static.inaturalist.org/photos/26747385/medium.jpeg,Carcharhinus amblyrhynchos,Grey Reef Shark
https://www.inaturalist.org/observations/17618673,https://static.inaturalist.org/photos/26832740/medium.jpeg,Carcharhinus amblyrhynchos,Grey Reef Shark
https://www.inaturalist.org/observations/17629581,https://inaturalist-open-data.s3.amazonaws.com/photos/26853114/medium.jpg,Carcharhinus amblyrhynchos,Grey Reef Shark
https://www.inaturalist.org/observations/17656104,https://static.inaturalist.org/photos/26901251/medium.jpeg,Carcharhinus amblyrhynchos,Grey Reef Shark
https://www.inaturalist.org/observations/17657367,https://static.inaturalist.org/photos/26902117/medium.jpeg,Carcharhinus amblyrhynchos,Grey Reef Shark
https://www.inaturalist.org/observations/17679268,https://static.inaturalist.org/photos/26941506/medium.jpeg,Carcharhinus amblyrhynchos,Grey Reef Shark
https://www.inaturalist.org/observations/17679272,https://static.inaturalist.org/photos/26941607/medium.jpeg,Carcharhinus amblyrhynchos,Grey Reef Shark
https://www.inaturalist.org/observations/17714955,https://static.inaturalist.org/photos/27005947/medium.jpeg,Carcharhinus amblyrhynchos,Grey Reef Shark
https://www.inaturalist.org/observations/17904380,https://inaturalist-open-data.s3.amazonaws.com/photos/27346290/medium.jpg,Carcharhinus amblyrhynchos,Grey Reef Shark
https://www.inaturalist.org/observations/18358847,https://inaturalist-open-data.s3.amazonaws.com/photos/28058476/medium.jpg,Carcharhinus amblyrhynchos,Grey Reef Shark
https://www.inaturalist.org/observations/19163610,https://inaturalist-open-data.s3.amazonaws.com/photos/29427214/medium.jpg,Carcharhinus amblyrhynchos,Grey Reef Shark
https://www.inaturalist.org/observations/19163614,https://inaturalist-open-data.s3.amazonaws.com/photos/29427225/medium.jpg,Carcharhinus amblyrhynchos,Grey Reef Shark
https://www.inaturalist.org/observations/19198652,https://inaturalist-open-data.s3.amazonaws.com/photos/29489054/medium.jpg,Carcharhinus amblyrhynchos,Grey Reef Shark
https://www.inaturalist.org/observations/19232354,https://inaturalist-open-data.s3.amazonaws.com/photos/29545806/medium.jpg,Carcharhinus amblyrhynchos,Grey Reef Shark
https://www.inaturalist.org/observations/19243998,https://inaturalist-open-data.s3.amazonaws.com/photos/29566026/medium.jpg,Carcharhinus amblyrhynchos,Grey Reef Shark
https://www.inaturalist.org/observations/19244002,https://inaturalist-open-data.s3.amazonaws.com/photos/29566030/medium.jpg,Carcharhinus amblyrhynchos,Grey Reef Shark
https://www.inaturalist.org/observations/20392597,https://inaturalist-open-data.s3.amazonaws.com/photos/31491010/medium.jpeg,Carcharhinus amblyrhynchos,Grey Reef Shark
https://www.inaturalist.org/observations/20420192,https://inaturalist-open-data.s3.amazonaws.com/photos/31530059/medium.jpeg,Carcharhinus amblyrhynchos,Grey Reef Shark
https://www.inaturalist.org/observations/20440314,https://inaturalist-open-data.s3.amazonaws.com/photos/31558728/medium.jpg,Carcharhinus amblyrhynchos,Grey Reef Shark
https://www.inaturalist.org/observations/20626443,https://static.inaturalist.org/photos/31824697/medium.jpg,Carcharhinus amblyrhynchos,Grey Reef Shark
https://www.inaturalist.org/observations/20628445,https://static.inaturalist.org/photos/31829069/medium.jpg,Carcharhinus amblyrhynchos,Grey Reef Shark
https://www.inaturalist.org/observations/20875824,https://static.inaturalist.org/photos/32209611/medium.jpg,Carcharhinus amblyrhynchos,Grey Reef Shark
https://www.inaturalist.org/observations/21662481,https://inaturalist-open-data.s3.amazonaws.com/photos/33539522/medium.jpeg,Carcharhinus amblyrhynchos,Grey Reef Shark
https://www.inaturalist.org/observations/21819518,https://static.inaturalist.org/photos/33801524/medium.jpg,Carcharhinus amblyrhynchos,Grey Reef Shark
https://www.inaturalist.org/observations/22011905,https://static.inaturalist.org/photos/34106794/medium.jpeg,Carcharhinus amblyrhynchos,Grey Reef Shark
https://www.inaturalist.org/observations/23045016,https://inaturalist-open-data.s3.amazonaws.com/photos/35726875/medium.jpg,Carcharhinus amblyrhynchos,Grey Reef Shark
https://www.inaturalist.org/observations/23045217,https://inaturalist-open-data.s3.amazonaws.com/photos/35727152/medium.jpg,Carcharhinus amblyrhynchos,Grey Reef Shark
https://www.inaturalist.org/observations/23340617,https://inaturalist-open-data.s3.amazonaws.com/photos/36160578/medium.jpg,Carcharhinus amblyrhynchos,Grey Reef Shark
https://www.inaturalist.org/observations/23598442,https://inaturalist-open-data.s3.amazonaws.com/photos/36535591/medium.jpg,Carcharhinus amblyrhynchos,Grey Reef Shark
https://www.inaturalist.org/observations/24318506,https://inaturalist-open-data.s3.amazonaws.com/photos/37602158/medium.jpg,Carcharhinus amblyrhynchos,Grey Reef Shark
https://www.inaturalist.org/observations/24472778,https://inaturalist-open-data.s3.amazonaws.com/photos/37840578/medium.jpg,Carcharhinus amblyrhynchos,Grey Reef Shark
https://www.inaturalist.org/observations/24472785,https://inaturalist-open-data.s3.amazonaws.com/photos/37840635/medium.jpg,Carcharhinus amblyrhynchos,Grey Reef Shark
https://www.inaturalist.org/observations/24589123,https://inaturalist-open-data.s3.amazonaws.com/photos/38021884/medium.jpg,Carcharhinus amblyrhynchos,Grey Reef Shark
https://www.inaturalist.org/observations/24999651,https://inaturalist-open-data.s3.amazonaws.com/photos/38680696/medium.jpeg,Carcharhinus amblyrhynchos,Grey Reef Shark
https://www.inaturalist.org/observations/25209389,https://inaturalist-open-data.s3.amazonaws.com/photos/39024404/medium.jpg,Carcharhinus amblyrhynchos,Grey Reef Shark
https://www.inaturalist.org/observations/25715246,https://inaturalist-open-data.s3.amazonaws.com/photos/39860830/medium.jpg,Carcharhinus amblyrhynchos,Grey Reef Shark
https://www.inaturalist.org/observations/25937378,https://inaturalist-open-data.s3.amazonaws.com/photos/40231764/medium.jpeg,Carcharhinus amblyrhynchos,Grey Reef Shark
https://www.inaturalist.org/observations/25938929,https://inaturalist-open-data.s3.amazonaws.com/photos/40234130/medium.jpeg,Carcharhinus amblyrhynchos,Grey Reef Shark
https://www.inaturalist.org/observations/25939290,https://inaturalist-open-data.s3.amazonaws.com/photos/40234638/medium.jpeg,Carcharhinus amblyrhynchos,Grey Reef Shark
https://www.inaturalist.org/observations/26592649,https://inaturalist-open-data.s3.amazonaws.com/photos/41303640/medium.jpeg,Carcharhinus amblyrhynchos,Grey Reef Shark
https://www.inaturalist.org/observations/26592739,https://inaturalist-open-data.s3.amazonaws.com/photos/41303867/medium.jpeg,Carcharhinus amblyrhynchos,Grey Reef Shark
https://www.inaturalist.org/observations/26592829,https://inaturalist-open-data.s3.amazonaws.com/photos/41304138/medium.jpeg,Carcharhinus amblyrhynchos,Grey Reef Shark
https://www.inaturalist.org/observations/26955334,https://inaturalist-open-data.s3.amazonaws.com/photos/41890762/medium.jpeg,Carcharhinus amblyrhynchos,Grey Reef Shark
https://www.inaturalist.org/observations/26964115,https://inaturalist-open-data.s3.amazonaws.com/photos/41905030/medium.jpeg,Carcharhinus amblyrhynchos,Grey Reef Shark
https://www.inaturalist.org/observations/27066730,https://inaturalist-open-data.s3.amazonaws.com/photos/42074141/medium.jpeg,Carcharhinus amblyrhynchos,Grey Reef Shark
https://www.inaturalist.org/observations/27081051,https://static.inaturalist.org/photos/42099226/medium.jpg,Carcharhinus amblyrhynchos,Grey Reef Shark
https://www.inaturalist.org/observations/27113521,https://inaturalist-open-data.s3.amazonaws.com/photos/42150636/medium.jpeg,Carcharhinus amblyrhynchos,Grey Reef Shark
https://www.inaturalist.org/observations/27235885,https://inaturalist-open-data.s3.amazonaws.com/photos/42354396/medium.jpeg,Carcharhinus amblyrhynchos,Grey Reef Shark
https://www.inaturalist.org/observations/27414848,https://inaturalist-open-data.s3.amazonaws.com/photos/42653721/medium.jpeg,Carcharhinus amblyrhynchos,Grey Reef Shark
https://www.inaturalist.org/observations/27665147,https://inaturalist-open-data.s3.amazonaws.com/photos/43066868/medium.jpeg,Carcharhinus amblyrhynchos,Grey Reef Shark
https://www.inaturalist.org/observations/28407962,https://inaturalist-open-data.s3.amazonaws.com/photos/44282521/medium.jpeg,Carcharhinus amblyrhynchos,Grey Reef Shark
https://www.inaturalist.org/observations/29288752,https://inaturalist-open-data.s3.amazonaws.com/photos/45697493/medium.jpg,Carcharhinus amblyrhynchos,Grey Reef Shark
https://www.inaturalist.org/observations/30798891,https://static.inaturalist.org/photos/48139530/medium.jpg,Carcharhinus amblyrhynchos,Grey Reef Shark
https://www.inaturalist.org/observations/31054954,https://inaturalist-open-data.s3.amazonaws.com/photos/48564599/medium.jpeg,Carcharhinus amblyrhynchos,Grey Reef Shark
https://www.inaturalist.org/observations/31186327,https://inaturalist-open-data.s3.amazonaws.com/photos/48784819/medium.jpg,Carcharhinus amblyrhynchos,Grey Reef Shark
https://www.inaturalist.org/observations/31202133,https://inaturalist-open-data.s3.amazonaws.com/photos/48811653/medium.jpg,Carcharhinus amblyrhynchos,Grey Reef Shark
https://www.inaturalist.org/observations/31308058,https://static.inaturalist.org/photos/48989205/medium.jpg,Carcharhinus amblyrhynchos,Grey Reef Shark
https://www.inaturalist.org/observations/31589612,https://inaturalist-open-data.s3.amazonaws.com/photos/49454646/medium.jpg,Carcharhinus amblyrhynchos,Grey Reef Shark
https://www.inaturalist.org/observations/31778832,https://static.inaturalist.org/photos/49773966/medium.jpeg,Carcharhinus amblyrhynchos,Grey Reef Shark
https://www.inaturalist.org/observations/32088946,https://inaturalist-open-data.s3.amazonaws.com/photos/50295186/medium.jpg,Carcharhinus amblyrhynchos,Grey Reef Shark
https://www.inaturalist.org/observations/32099450,https://inaturalist-open-data.s3.amazonaws.com/photos/50313141/medium.jpeg,Carcharhinus amblyrhynchos,Grey Reef Shark
https://www.inaturalist.org/observations/32328395,https://static.inaturalist.org/photos/50693887/medium.jpg,Carcharhinus amblyrhynchos,Grey Reef Shark
https://www.inaturalist.org/observations/33181406,https://inaturalist-open-data.s3.amazonaws.com/photos/52093403/medium.jpg,Carcharhinus amblyrhynchos,Grey Reef Shark
https://www.inaturalist.org/observations/34496616,https://inaturalist-open-data.s3.amazonaws.com/photos/54299393/medium.jpg,Carcharhinus amblyrhynchos,Grey Reef Shark
https://www.inaturalist.org/observations/34805599,https://inaturalist-open-data.s3.amazonaws.com/photos/54822992/medium.jpg,Carcharhinus amblyrhynchos,Grey Reef Shark
https://www.inaturalist.org/observations/34875716,https://inaturalist-open-data.s3.amazonaws.com/photos/54943755/medium.jpg,Carcharhinus amblyrhynchos,Grey Reef Shark
https://www.inaturalist.org/observations/35027651,https://inaturalist-open-data.s3.amazonaws.com/photos/55204936/medium.jpg,Carcharhinus amblyrhynchos,Grey Reef Shark
https://www.inaturalist.org/observations/35034639,https://inaturalist-open-data.s3.amazonaws.com/photos/55217395/medium.jpg,Carcharhinus amblyrhynchos,Grey Reef Shark
https://www.inaturalist.org/observations/35034641,https://inaturalist-open-data.s3.amazonaws.com/photos/55217403/medium.jpg,Carcharhinus amblyrhynchos,Grey Reef Shark
https://www.inaturalist.org/observations/35313548,https://inaturalist-open-data.s3.amazonaws.com/photos/55673554/medium.jpg,Carcharhinus amblyrhynchos,Grey Reef Shark
https://www.inaturalist.org/observations/35600330,https://inaturalist-open-data.s3.amazonaws.com/photos/56154017/medium.jpg,Carcharhinus amblyrhynchos,Grey Reef Shark
https://www.inaturalist.org/observations/36375730,https://inaturalist-open-data.s3.amazonaws.com/photos/57494635/medium.jpeg,Carcharhinus amblyrhynchos,Grey Reef Shark
https://www.inaturalist.org/observations/36399437,https://static.inaturalist.org/photos/57580103/medium.jpg,Carcharhinus amblyrhynchos,Grey Reef Shark
https://www.inaturalist.org/observations/36794027,https://inaturalist-open-data.s3.amazonaws.com/photos/58219131/medium.jpg,Carcharhinus amblyrhynchos,Grey Reef Shark
https://www.inaturalist.org/observations/36931711,https://inaturalist-open-data.s3.amazonaws.com/photos/58456965/medium.jpeg,Carcharhinus amblyrhynchos,Grey Reef Shark
https://www.inaturalist.org/observations/37248343,https://inaturalist-open-data.s3.amazonaws.com/photos/59018255/medium.jpeg,Carcharhinus amblyrhynchos,Grey Reef Shark
https://www.inaturalist.org/observations/37248345,https://inaturalist-open-data.s3.amazonaws.com/photos/59018260/medium.jpeg,Carcharhinus amblyrhynchos,Grey Reef Shark
https://www.inaturalist.org/observations/37248348,https://inaturalist-open-data.s3.amazonaws.com/photos/59018267/medium.jpeg,Carcharhinus amblyrhynchos,Grey Reef Shark
https://www.inaturalist.org/observations/37248353,https://inaturalist-open-data.s3.amazonaws.com/photos/59018270/medium.jpeg,Carcharhinus amblyrhynchos,Grey Reef Shark
https://www.inaturalist.org/observations/37248357,https://inaturalist-open-data.s3.amazonaws.com/photos/59018278/medium.jpeg,Carcharhinus amblyrhynchos,Grey Reef Shark
https://www.inaturalist.org/observations/37248360,https://inaturalist-open-data.s3.amazonaws.com/photos/59018284/medium.jpeg,Carcharhinus amblyrhynchos,Grey Reef Shark
https://www.inaturalist.org/observations/37248365,https://inaturalist-open-data.s3.amazonaws.com/photos/59018290/medium.jpeg,Carcharhinus amblyrhynchos,Grey Reef Shark
https://www.inaturalist.org/observations/37361480,https://static.inaturalist.org/photos/59209308/medium.jpg,Carcharhinus amblyrhynchos,Grey Reef Shark
https://www.inaturalist.org/observations/37361490,https://static.inaturalist.org/photos/59210972/medium.jpg,Carcharhinus amblyrhynchos,Grey Reef Shark
https://www.inaturalist.org/observations/37628529,https://inaturalist-open-data.s3.amazonaws.com/photos/59687414/medium.jpg,Carcharhinus amblyrhynchos,Grey Reef Shark
https://www.inaturalist.org/observations/37914748,https://inaturalist-open-data.s3.amazonaws.com/photos/60179830/medium.jpg,Carcharhinus amblyrhynchos,Grey Reef Shark
https://www.inaturalist.org/observations/39310506,https://inaturalist-open-data.s3.amazonaws.com/photos/62349109/medium.jpeg,Carcharhinus amblyrhynchos,Grey Reef Shark
https://www.inaturalist.org/observations/39310566,https://inaturalist-open-data.s3.amazonaws.com/photos/62349154/medium.jpg,Carcharhinus amblyrhynchos,Grey Reef Shark
https://www.inaturalist.org/observations/39508609,https://inaturalist-open-data.s3.amazonaws.com/photos/62690307/medium.jpg,Carcharhinus amblyrhynchos,Grey Reef Shark
https://www.inaturalist.org/observations/39767901,https://inaturalist-open-data.s3.amazonaws.com/photos/63126472/medium.jpg,Carcharhinus amblyrhynchos,Grey Reef Shark
https://www.inaturalist.org/observations/40347894,https://inaturalist-open-data.s3.amazonaws.com/photos/64085943/medium.jpg,Carcharhinus amblyrhynchos,Grey Reef Shark
https://www.inaturalist.org/observations/40611914,https://inaturalist-open-data.s3.amazonaws.com/photos/64368316/medium.jpeg,Carcharhinus amblyrhynchos,Grey Reef Shark
https://www.inaturalist.org/observations/41147983,https://inaturalist-open-data.s3.amazonaws.com/photos/65250090/medium.jpeg,Carcharhinus amblyrhynchos,Grey Reef Shark
https://www.inaturalist.org/observations/41168210,https://inaturalist-open-data.s3.amazonaws.com/photos/65284906/medium.jpg,Carcharhinus amblyrhynchos,Grey Reef Shark
https://www.inaturalist.org/observations/41169060,https://inaturalist-open-data.s3.amazonaws.com/photos/65286405/medium.jpg,Carcharhinus amblyrhynchos,Grey Reef Shark
https://www.inaturalist.org/observations/41794800,https://inaturalist-open-data.s3.amazonaws.com/photos/66314225/medium.jpg,Carcharhinus amblyrhynchos,Grey Reef Shark
https://www.inaturalist.org/observations/42108005,https://inaturalist-open-data.s3.amazonaws.com/photos/66836310/medium.jpg,Carcharhinus amblyrhynchos,Grey Reef Shark
https://www.inaturalist.org/observations/42190252,https://inaturalist-open-data.s3.amazonaws.com/photos/66974873/medium.jpg,Carcharhinus amblyrhynchos,Grey Reef Shark
https://www.inaturalist.org/observations/42385198,https://inaturalist-open-data.s3.amazonaws.com/photos/67296752/medium.jpg,Carcharhinus amblyrhynchos,Grey Reef Shark
https://www.inaturalist.org/observations/44103073,https://inaturalist-open-data.s3.amazonaws.com/photos/69928733/medium.jpg,Carcharhinus amblyrhynchos,Grey Reef Shark
https://www.inaturalist.org/observations/45055691,https://inaturalist-open-data.s3.amazonaws.com/photos/71434413/medium.jpg,Carcharhinus amblyrhynchos,Grey Reef Shark
https://www.inaturalist.org/observations/45743794,https://inaturalist-open-data.s3.amazonaws.com/photos/72546378/medium.png,Carcharhinus amblyrhynchos,Grey Reef Shark
https://www.inaturalist.org/observations/46479078,https://static.inaturalist.org/photos/73718625/medium.jpg,Carcharhinus amblyrhynchos,Grey Reef Shark
https://www.inaturalist.org/observations/46698313,https://inaturalist-open-data.s3.amazonaws.com/photos/74065579/medium.jpg,Carcharhinus amblyrhynchos,Grey Reef Shark
https://www.inaturalist.org/observations/46841276,https://static.inaturalist.org/photos/74285909/medium.jpg,Carcharhinus amblyrhynchos,Grey Reef Shark
https://www.inaturalist.org/observations/48968263,https://inaturalist-open-data.s3.amazonaws.com/photos/77719622/medium.png,Carcharhinus amblyrhynchos,Grey Reef Shark
https://www.inaturalist.org/observations/48968268,https://inaturalist-open-data.s3.amazonaws.com/photos/77719638/medium.png,Carcharhinus amblyrhynchos,Grey Reef Shark
https://www.inaturalist.org/observations/48968283,https://inaturalist-open-data.s3.amazonaws.com/photos/77719660/medium.png,Carcharhinus amblyrhynchos,Grey Reef Shark
https://www.inaturalist.org/observations/48968286,https://inaturalist-open-data.s3.amazonaws.com/photos/77719666/medium.png,Carcharhinus amblyrhynchos,Grey Reef Shark
https://www.inaturalist.org/observations/49279152,https://inaturalist-open-data.s3.amazonaws.com/photos/78224431/medium.png,Carcharhinus amblyrhynchos,Grey Reef Shark
https://www.inaturalist.org/observations/49297108,https://inaturalist-open-data.s3.amazonaws.com/photos/78253775/medium.png,Carcharhinus amblyrhynchos,Grey Reef Shark
https://www.inaturalist.org/observations/49366676,https://inaturalist-open-data.s3.amazonaws.com/photos/78366483/medium.jpg,Carcharhinus amblyrhynchos,Grey Reef Shark
https://www.inaturalist.org/observations/49923688,https://inaturalist-open-data.s3.amazonaws.com/photos/79266177/medium.jpeg,Carcharhinus amblyrhynchos,Grey Reef Shark
https://www.inaturalist.org/observations/49923697,https://inaturalist-open-data.s3.amazonaws.com/photos/79266468/medium.jpeg,Carcharhinus amblyrhynchos,Grey Reef Shark
https://www.inaturalist.org/observations/50512786,https://inaturalist-open-data.s3.amazonaws.com/photos/80206522/medium.jpg,Carcharhinus amblyrhynchos,Grey Reef Shark
https://www.inaturalist.org/observations/51498791,https://inaturalist-open-data.s3.amazonaws.com/photos/81826597/medium.png,Carcharhinus amblyrhynchos,Grey Reef Shark
https://www.inaturalist.org/observations/51509742,https://static.inaturalist.org/photos/81844746/medium.jpg,Carcharhinus amblyrhynchos,Grey Reef Shark
https://www.inaturalist.org/observations/51675339,https://inaturalist-open-data.s3.amazonaws.com/photos/82117894/medium.jpg,Carcharhinus amblyrhynchos,Grey Reef Shark
https://www.inaturalist.org/observations/52349143,https://inaturalist-open-data.s3.amazonaws.com/photos/83213659/medium.jpg,Carcharhinus amblyrhynchos,Grey Reef Shark
https://www.inaturalist.org/observations/52826478,https://inaturalist-open-data.s3.amazonaws.com/photos/83994433/medium.jpg,Carcharhinus amblyrhynchos,Grey Reef Shark
https://www.inaturalist.org/observations/53235064,https://inaturalist-open-data.s3.amazonaws.com/photos/84660897/medium.jpeg,Carcharhinus amblyrhynchos,Grey Reef Shark
https://www.inaturalist.org/observations/53235651,https://inaturalist-open-data.s3.amazonaws.com/photos/84661760/medium.jpg,Carcharhinus amblyrhynchos,Grey Reef Shark
https://www.inaturalist.org/observations/53817934,https://inaturalist-open-data.s3.amazonaws.com/photos/85610851/medium.jpeg,Carcharhinus amblyrhynchos,Grey Reef Shark
https://www.inaturalist.org/observations/54045108,https://inaturalist-open-data.s3.amazonaws.com/photos/85976846/medium.jpeg,Carcharhinus amblyrhynchos,Grey Reef Shark
https://www.inaturalist.org/observations/55358425,https://inaturalist-open-data.s3.amazonaws.com/photos/88144617/medium.jpg,Carcharhinus amblyrhynchos,Grey Reef Shark
https://www.inaturalist.org/observations/55468112,https://inaturalist-open-data.s3.amazonaws.com/photos/88327113/medium.jpg,Carcharhinus amblyrhynchos,Grey Reef Shark
https://www.inaturalist.org/observations/56125757,https://inaturalist-open-data.s3.amazonaws.com/photos/89416413/medium.jpg,Carcharhinus amblyrhynchos,Grey Reef Shark
https://www.inaturalist.org/observations/56223500,https://static.inaturalist.org/photos/89582776/medium.jpeg,Carcharhinus amblyrhynchos,Grey Reef Shark
https://www.inaturalist.org/observations/60802350,https://inaturalist-open-data.s3.amazonaws.com/photos/97246506/medium.jpeg,Carcharhinus amblyrhynchos,Grey Reef Shark
https://www.inaturalist.org/observations/62387906,https://inaturalist-open-data.s3.amazonaws.com/photos/99951923/medium.jpg,Carcharhinus amblyrhynchos,Grey Reef Shark
https://www.inaturalist.org/observations/62387907,https://inaturalist-open-data.s3.amazonaws.com/photos/99951928/medium.jpg,Carcharhinus amblyrhynchos,Grey Reef Shark
https://www.inaturalist.org/observations/63300788,https://inaturalist-open-data.s3.amazonaws.com/photos/101567443/medium.jpg,Carcharhinus amblyrhynchos,Grey Reef Shark
https://www.inaturalist.org/observations/63431283,https://inaturalist-open-data.s3.amazonaws.com/photos/101792524/medium.jpeg,Carcharhinus amblyrhynchos,Grey Reef Shark
https://www.inaturalist.org/observations/63446745,https://inaturalist-open-data.s3.amazonaws.com/photos/101821391/medium.jpg,Carcharhinus amblyrhynchos,Grey Reef Shark
https://www.inaturalist.org/observations/63543203,https://inaturalist-open-data.s3.amazonaws.com/photos/101993823/medium.jpg,Carcharhinus amblyrhynchos,Grey Reef Shark
https://www.inaturalist.org/observations/63544611,https://inaturalist-open-data.s3.amazonaws.com/photos/101996076/medium.jpg,Carcharhinus amblyrhynchos,Grey Reef Shark
https://www.inaturalist.org/observations/63544614,https://inaturalist-open-data.s3.amazonaws.com/photos/101997261/medium.jpg,Carcharhinus amblyrhynchos,Grey Reef Shark
https://www.inaturalist.org/observations/63549357,https://inaturalist-open-data.s3.amazonaws.com/photos/102003805/medium.jpg,Carcharhinus amblyrhynchos,Grey Reef Shark
https://www.inaturalist.org/observations/63549358,https://inaturalist-open-data.s3.amazonaws.com/photos/102003851/medium.jpg,Carcharhinus amblyrhynchos,Grey Reef Shark
https://www.inaturalist.org/observations/64430546,https://inaturalist-open-data.s3.amazonaws.com/photos/103585680/medium.jpeg,Carcharhinus amblyrhynchos,Grey Reef Shark
https://www.inaturalist.org/observations/64469047,https://inaturalist-open-data.s3.amazonaws.com/photos/103652231/medium.jpeg,Carcharhinus amblyrhynchos,Grey Reef Shark
https://www.inaturalist.org/observations/64475616,https://inaturalist-open-data.s3.amazonaws.com/photos/103664510/medium.jpeg,Carcharhinus amblyrhynchos,Grey Reef Shark
https://www.inaturalist.org/observations/64661305,https://inaturalist-open-data.s3.amazonaws.com/photos/103988899/medium.jpg,Carcharhinus amblyrhynchos,Grey Reef Shark
https://www.inaturalist.org/observations/64725351,https://inaturalist-open-data.s3.amazonaws.com/photos/104106210/medium.jpeg,Carcharhinus amblyrhynchos,Grey Reef Shark
https://www.inaturalist.org/observations/64726046,https://inaturalist-open-data.s3.amazonaws.com/photos/104107736/medium.jpeg,Carcharhinus amblyrhynchos,Grey Reef Shark
https://www.inaturalist.org/observations/64743220,https://inaturalist-open-data.s3.amazonaws.com/photos/104140235/medium.jpeg,Carcharhinus amblyrhynchos,Grey Reef Shark
https://www.inaturalist.org/observations/64743222,https://inaturalist-open-data.s3.amazonaws.com/photos/104140689/medium.jpeg,Carcharhinus amblyrhynchos,Grey Reef Shark
https://www.inaturalist.org/observations/64854162,https://inaturalist-open-data.s3.amazonaws.com/photos/104330223/medium.jpg,Carcharhinus amblyrhynchos,Grey Reef Shark
https://www.inaturalist.org/observations/65578482,https://inaturalist-open-data.s3.amazonaws.com/photos/105575522/medium.jpg,Carcharhinus amblyrhynchos,Grey Reef Shark
https://www.inaturalist.org/observations/65698262,https://static.inaturalist.org/photos/105784733/medium.jpg,Carcharhinus amblyrhynchos,Grey Reef Shark
https://www.inaturalist.org/observations/65698901,https://static.inaturalist.org/photos/105785245/medium.jpg,Carcharhinus amblyrhynchos,Grey Reef Shark
https://www.inaturalist.org/observations/65698908,https://static.inaturalist.org/photos/105785261/medium.jpg,Carcharhinus amblyrhynchos,Grey Reef Shark
https://www.inaturalist.org/observations/66653330,https://static.inaturalist.org/photos/107498036/medium.jpg,Carcharhinus amblyrhynchos,Grey Reef Shark
https://www.inaturalist.org/observations/67018303,https://inaturalist-open-data.s3.amazonaws.com/photos/108175139/medium.jpg,Carcharhinus amblyrhynchos,Grey Reef Shark
https://www.inaturalist.org/observations/67218435,https://inaturalist-open-data.s3.amazonaws.com/photos/108547183/medium.jpg,Carcharhinus amblyrhynchos,Grey Reef Shark
https://www.inaturalist.org/observations/67256048,https://static.inaturalist.org/photos/108617647/medium.jpg,Carcharhinus amblyrhynchos,Grey Reef Shark
https://www.inaturalist.org/observations/67258253,https://static.inaturalist.org/photos/108622608/medium.jpg,Carcharhinus amblyrhynchos,Grey Reef Shark
https://www.inaturalist.org/observations/67693392,https://inaturalist-open-data.s3.amazonaws.com/photos/109436605/medium.jpg,Carcharhinus amblyrhynchos,Grey Reef Shark
https://www.inaturalist.org/observations/67744477,https://inaturalist-open-data.s3.amazonaws.com/photos/109525704/medium.jpg,Carcharhinus amblyrhynchos,Grey Reef Shark
https://www.inaturalist.org/observations/67842216,https://inaturalist-open-data.s3.amazonaws.com/photos/109713774/medium.jpeg,Carcharhinus amblyrhynchos,Grey Reef Shark
https://www.inaturalist.org/observations/67923501,https://static.inaturalist.org/photos/109866099/medium.jpg,Carcharhinus amblyrhynchos,Grey Reef Shark
https://www.inaturalist.org/observations/68114563,https://inaturalist-open-data.s3.amazonaws.com/photos/110214156/medium.jpg,Carcharhinus amblyrhynchos,Grey Reef Shark
https://www.inaturalist.org/observations/68321217,https://inaturalist-open-data.s3.amazonaws.com/photos/110596590/medium.jpg,Carcharhinus amblyrhynchos,Grey Reef Shark
https://www.inaturalist.org/observations/69457324,https://inaturalist-open-data.s3.amazonaws.com/photos/112698221/medium.jpg,Carcharhinus amblyrhynchos,Grey Reef Shark
https://www.inaturalist.org/observations/69457325,https://inaturalist-open-data.s3.amazonaws.com/photos/112698294/medium.jpg,Carcharhinus amblyrhynchos,Grey Reef Shark
https://www.inaturalist.org/observations/69457326,https://inaturalist-open-data.s3.amazonaws.com/photos/112698331/medium.jpg,Carcharhinus amblyrhynchos,Grey Reef Shark
https://www.inaturalist.org/observations/69457327,https://inaturalist-open-data.s3.amazonaws.com/photos/112698367/medium.jpg,Carcharhinus amblyrhynchos,Grey Reef Shark
https://www.inaturalist.org/observations/69457328,https://inaturalist-open-data.s3.amazonaws.com/photos/112698429/medium.jpg,Carcharhinus amblyrhynchos,Grey Reef Shark
https://www.inaturalist.org/observations/69457330,https://inaturalist-open-data.s3.amazonaws.com/photos/112698515/medium.jpg,Carcharhinus amblyrhynchos,Grey Reef Shark
https://www.inaturalist.org/observations/69510829,https://inaturalist-open-data.s3.amazonaws.com/photos/112802504/medium.jpeg,Carcharhinus amblyrhynchos,Grey Reef Shark
https://www.inaturalist.org/observations/70383487,https://static.inaturalist.org/photos/114410235/medium.jpg,Carcharhinus amblyrhynchos,Grey Reef Shark
https://www.inaturalist.org/observations/70695411,https://static.inaturalist.org/photos/114974598/medium.jpeg,Carcharhinus amblyrhynchos,Grey Reef Shark
https://www.inaturalist.org/observations/70724446,https://inaturalist-open-data.s3.amazonaws.com/photos/115027628/medium.jpg,Carcharhinus amblyrhynchos,Grey Reef Shark
https://www.inaturalist.org/observations/71104686,https://inaturalist-open-data.s3.amazonaws.com/photos/115706618/medium.png,Carcharhinus amblyrhynchos,Grey Reef Shark
https://www.inaturalist.org/observations/71104688,https://inaturalist-open-data.s3.amazonaws.com/photos/115706615/medium.png,Carcharhinus amblyrhynchos,Grey Reef Shark
https://www.inaturalist.org/observations/71104689,https://inaturalist-open-data.s3.amazonaws.com/photos/115706630/medium.png,Carcharhinus amblyrhynchos,Grey Reef Shark
https://www.inaturalist.org/observations/71359032,https://inaturalist-open-data.s3.amazonaws.com/photos/116171190/medium.jpeg,Carcharhinus amblyrhynchos,Grey Reef Shark
https://www.inaturalist.org/observations/71359988,https://inaturalist-open-data.s3.amazonaws.com/photos/116172683/medium.jpeg,Carcharhinus amblyrhynchos,Grey Reef Shark
https://www.inaturalist.org/observations/71360605,https://inaturalist-open-data.s3.amazonaws.com/photos/116173731/medium.jpeg,Carcharhinus amblyrhynchos,Grey Reef Shark
https://www.inaturalist.org/observations/71371912,https://inaturalist-open-data.s3.amazonaws.com/photos/116193946/medium.jpeg,Carcharhinus amblyrhynchos,Grey Reef Shark
https://www.inaturalist.org/observations/71544299,https://static.inaturalist.org/photos/116498395/medium.jpeg,Carcharhinus amblyrhynchos,Grey Reef Shark
https://www.inaturalist.org/observations/71546241,https://static.inaturalist.org/photos/116501749/medium.jpeg,Carcharhinus amblyrhynchos,Grey Reef Shark
https://www.inaturalist.org/observations/71547654,https://static.inaturalist.org/photos/116504209/medium.jpeg,Carcharhinus amblyrhynchos,Grey Reef Shark
https://www.inaturalist.org/observations/71547657,https://static.inaturalist.org/photos/116504224/medium.jpeg,Carcharhinus amblyrhynchos,Grey Reef Shark
https://www.inaturalist.org/observations/71547665,https://static.inaturalist.org/photos/116504238/medium.jpeg,Carcharhinus amblyrhynchos,Grey Reef Shark
https://www.inaturalist.org/observations/72546705,https://inaturalist-open-data.s3.amazonaws.com/photos/118298025/medium.jpg,Carcharhinus amblyrhynchos,Grey Reef Shark
https://www.inaturalist.org/observations/72546708,https://inaturalist-open-data.s3.amazonaws.com/photos/118298061/medium.jpeg,Carcharhinus amblyrhynchos,Grey Reef Shark
https://www.inaturalist.org/observations/72634491,https://inaturalist-open-data.s3.amazonaws.com/photos/118437305/medium.jpg,Carcharhinus amblyrhynchos,Grey Reef Shark
https://www.inaturalist.org/observations/72634501,https://inaturalist-open-data.s3.amazonaws.com/photos/118438219/medium.jpg,Carcharhinus amblyrhynchos,Grey Reef Shark
https://www.inaturalist.org/observations/72675119,https://inaturalist-open-data.s3.amazonaws.com/photos/118528630/medium.jpg,Carcharhinus amblyrhynchos,Grey Reef Shark
https://www.inaturalist.org/observations/72679635,https://inaturalist-open-data.s3.amazonaws.com/photos/118535365/medium.jpg,Carcharhinus amblyrhynchos,Grey Reef Shark
https://www.inaturalist.org/observations/73944703,https://inaturalist-open-data.s3.amazonaws.com/photos/120783313/medium.jpeg,Carcharhinus amblyrhynchos,Grey Reef Shark
https://www.inaturalist.org/observations/74132937,https://inaturalist-open-data.s3.amazonaws.com/photos/121125611/medium.jpg,Carcharhinus amblyrhynchos,Grey Reef Shark
https://www.inaturalist.org/observations/75028132,https://static.inaturalist.org/photos/122698347/medium.jpeg,Carcharhinus amblyrhynchos,Grey Reef Shark
https://www.inaturalist.org/observations/77569722,https://static.inaturalist.org/photos/126872541/medium.jpeg,Carcharhinus amblyrhynchos,Grey Reef Shark
https://www.inaturalist.org/observations/77722918,https://inaturalist-open-data.s3.amazonaws.com/photos/127136254/medium.jpg,Carcharhinus amblyrhynchos,Grey Reef Shark
https://www.inaturalist.org/observations/79388307,https://inaturalist-open-data.s3.amazonaws.com/photos/130032660/medium.jpeg,Carcharhinus amblyrhynchos,Grey Reef Shark
https://www.inaturalist.org/observations/80075487,https://inaturalist-open-data.s3.amazonaws.com/photos/131208685/medium.jpg,Carcharhinus amblyrhynchos,Grey Reef Shark
https://www.inaturalist.org/observations/80455632,https://inaturalist-open-data.s3.amazonaws.com/photos/131870882/medium.jpeg,Carcharhinus amblyrhynchos,Grey Reef Shark
https://www.inaturalist.org/observations/81269789,https://inaturalist-open-data.s3.amazonaws.com/photos/133286650/medium.jpeg,Carcharhinus amblyrhynchos,Grey Reef Shark
https://www.inaturalist.org/observations/82963257,https://inaturalist-open-data.s3.amazonaws.com/photos/136214173/medium.jpeg,Carcharhinus amblyrhynchos,Grey Reef Shark
https://www.inaturalist.org/observations/83089765,https://static.inaturalist.org/photos/136433404/medium.jpeg,Carcharhinus amblyrhynchos,Grey Reef Shark
https://www.inaturalist.org/observations/83089766,https://static.inaturalist.org/photos/136433413/medium.jpeg,Carcharhinus amblyrhynchos,Grey Reef Shark
https://www.inaturalist.org/observations/83105745,https://inaturalist-open-data.s3.amazonaws.com/photos/136462884/medium.jpeg,Carcharhinus amblyrhynchos,Grey Reef Shark
https://www.inaturalist.org/observations/83577962,https://inaturalist-open-data.s3.amazonaws.com/photos/137281138/medium.png,Carcharhinus amblyrhynchos,Grey Reef Shark
https://www.inaturalist.org/observations/83592205,https://inaturalist-open-data.s3.amazonaws.com/photos/137308542/medium.png,Carcharhinus amblyrhynchos,Grey Reef Shark
https://www.inaturalist.org/observations/83629360,https://inaturalist-open-data.s3.amazonaws.com/photos/137370393/medium.png,Carcharhinus amblyrhynchos,Grey Reef Shark
https://www.inaturalist.org/observations/85178633,https://inaturalist-open-data.s3.amazonaws.com/photos/140108962/medium.jpeg,Carcharhinus amblyrhynchos,Grey Reef Shark
https://www.inaturalist.org/observations/85581249,https://inaturalist-open-data.s3.amazonaws.com/photos/140834648/medium.jpeg,Carcharhinus amblyrhynchos,Grey Reef Shark
https://www.inaturalist.org/observations/86028013,https://inaturalist-open-data.s3.amazonaws.com/photos/141650182/medium.jpeg,Carcharhinus amblyrhynchos,Grey Reef Shark
https://www.inaturalist.org/observations/86323431,https://inaturalist-open-data.s3.amazonaws.com/photos/142190916/medium.jpg,Carcharhinus amblyrhynchos,Grey Reef Shark
https://www.inaturalist.org/observations/87353316,https://inaturalist-open-data.s3.amazonaws.com/photos/144008430/medium.jpg,Carcharhinus amblyrhynchos,Grey Reef Shark
https://www.inaturalist.org/observations/88094039,https://inaturalist-open-data.s3.amazonaws.com/photos/145311573/medium.jpeg,Carcharhinus amblyrhynchos,Grey Reef Shark
https://www.inaturalist.org/observations/88991087,https://static.inaturalist.org/photos/146903047/medium.jpg,Carcharhinus amblyrhynchos,Grey Reef Shark
https://www.inaturalist.org/observations/89404451,https://inaturalist-open-data.s3.amazonaws.com/photos/147633861/medium.png,Carcharhinus amblyrhynchos,Grey Reef Shark
https://www.inaturalist.org/observations/89571641,https://static.inaturalist.org/photos/147924854/medium.png,Carcharhinus amblyrhynchos,Grey Reef Shark
https://www.inaturalist.org/observations/89571681,https://static.inaturalist.org/photos/147929231/medium.png,Carcharhinus amblyrhynchos,Grey Reef Shark
https://www.inaturalist.org/observations/89858430,https://inaturalist-open-data.s3.amazonaws.com/photos/148434139/medium.jpg,Carcharhinus amblyrhynchos,Grey Reef Shark
https://www.inaturalist.org/observations/90033965,https://static.inaturalist.org/photos/148745420/medium.jpeg,Carcharhinus amblyrhynchos,Grey Reef Shark
https://www.inaturalist.org/observations/90360750,https://inaturalist-open-data.s3.amazonaws.com/photos/149335389/medium.jpg,Carcharhinus amblyrhynchos,Grey Reef Shark
https://www.inaturalist.org/observations/90361570,https://inaturalist-open-data.s3.amazonaws.com/photos/149337197/medium.jpg,Carcharhinus amblyrhynchos,Grey Reef Shark
https://www.inaturalist.org/observations/90362480,https://inaturalist-open-data.s3.amazonaws.com/photos/149337869/medium.jpeg,Carcharhinus amblyrhynchos,Grey Reef Shark
https://www.inaturalist.org/observations/90637055,https://static.inaturalist.org/photos/149822173/medium.jpg,Carcharhinus amblyrhynchos,Grey Reef Shark
https://www.inaturalist.org/observations/92056723,https://inaturalist-open-data.s3.amazonaws.com/photos/152362548/medium.jpeg,Carcharhinus amblyrhynchos,Grey Reef Shark
https://www.inaturalist.org/observations/92325747,https://inaturalist-open-data.s3.amazonaws.com/photos/152856889/medium.jpeg,Carcharhinus amblyrhynchos,Grey Reef Shark
https://www.inaturalist.org/observations/92325757,https://inaturalist-open-data.s3.amazonaws.com/photos/152856921/medium.jpeg,Carcharhinus amblyrhynchos,Grey Reef Shark
https://www.inaturalist.org/observations/92431196,https://static.inaturalist.org/photos/153045600/medium.jpg,Carcharhinus amblyrhynchos,Grey Reef Shark
https://www.inaturalist.org/observations/92614104,https://inaturalist-open-data.s3.amazonaws.com/photos/153368419/medium.jpeg,Carcharhinus amblyrhynchos,Grey Reef Shark
https://www.inaturalist.org/observations/94490481,https://inaturalist-open-data.s3.amazonaws.com/photos/156717007/medium.jpeg,Carcharhinus amblyrhynchos,Grey Reef Shark
https://www.inaturalist.org/observations/94490484,https://inaturalist-open-data.s3.amazonaws.com/photos/156717028/medium.jpeg,Carcharhinus amblyrhynchos,Grey Reef Shark
https://www.inaturalist.org/observations/94490485,https://inaturalist-open-data.s3.amazonaws.com/photos/156717044/medium.jpeg,Carcharhinus amblyrhynchos,Grey Reef Shark
https://www.inaturalist.org/observations/95010619,https://static.inaturalist.org/photos/157678161/medium.jpg,Carcharhinus amblyrhynchos,Grey Reef Shark
https://www.inaturalist.org/observations/95834329,https://inaturalist-open-data.s3.amazonaws.com/photos/159143747/medium.jpeg,Carcharhinus amblyrhynchos,Grey Reef Shark
https://www.inaturalist.org/observations/95909892,https://inaturalist-open-data.s3.amazonaws.com/photos/159277613/medium.jpeg,Carcharhinus amblyrhynchos,Grey Reef Shark
https://www.inaturalist.org/observations/95909893,https://inaturalist-open-data.s3.amazonaws.com/photos/159277556/medium.jpeg,Carcharhinus amblyrhynchos,Grey Reef Shark
https://www.inaturalist.org/observations/95909894,https://inaturalist-open-data.s3.amazonaws.com/photos/159277702/medium.jpeg,Carcharhinus amblyrhynchos,Grey Reef Shark
https://www.inaturalist.org/observations/95909896,https://inaturalist-open-data.s3.amazonaws.com/photos/159277751/medium.jpeg,Carcharhinus amblyrhynchos,Grey Reef Shark
https://www.inaturalist.org/observations/96764067,https://inaturalist-open-data.s3.amazonaws.com/photos/160805587/medium.jpeg,Carcharhinus amblyrhynchos,Grey Reef Shark
https://www.inaturalist.org/observations/96998596,https://inaturalist-open-data.s3.amazonaws.com/photos/161227034/medium.jpeg,Carcharhinus amblyrhynchos,Grey Reef Shark
https://www.inaturalist.org/observations/97210442,https://inaturalist-open-data.s3.amazonaws.com/photos/161623909/medium.jpeg,Carcharhinus amblyrhynchos,Grey Reef Shark
https://www.inaturalist.org/observations/97214923,https://inaturalist-open-data.s3.amazonaws.com/photos/161633284/medium.jpeg,Carcharhinus amblyrhynchos,Grey Reef Shark
https://www.inaturalist.org/observations/97445620,https://inaturalist-open-data.s3.amazonaws.com/photos/162064252/medium.jpeg,Carcharhinus amblyrhynchos,Grey Reef Shark
https://www.inaturalist.org/observations/97530837,https://inaturalist-open-data.s3.amazonaws.com/photos/162220443/medium.jpeg,Carcharhinus amblyrhynchos,Grey Reef Shark
https://www.inaturalist.org/observations/97530846,https://inaturalist-open-data.s3.amazonaws.com/photos/162220472/medium.jpeg,Carcharhinus amblyrhynchos,Grey Reef Shark
https://www.inaturalist.org/observations/97537317,https://inaturalist-open-data.s3.amazonaws.com/photos/162231863/medium.jpeg,Carcharhinus amblyrhynchos,Grey Reef Shark
https://www.inaturalist.org/observations/97873429,https://inaturalist-open-data.s3.amazonaws.com/photos/162845964/medium.jpeg,Carcharhinus amblyrhynchos,Grey Reef Shark
https://www.inaturalist.org/observations/98079470,https://inaturalist-open-data.s3.amazonaws.com/photos/163227409/medium.jpeg,Carcharhinus amblyrhynchos,Grey Reef Shark
https://www.inaturalist.org/observations/98519188,https://inaturalist-open-data.s3.amazonaws.com/photos/164042420/medium.jpg,Carcharhinus amblyrhynchos,Grey Reef Shark
https://www.inaturalist.org/observations/98591215,https://inaturalist-open-data.s3.amazonaws.com/photos/164182795/medium.jpeg,Carcharhinus amblyrhynchos,Grey Reef Shark
https://www.inaturalist.org/observations/98591224,https://inaturalist-open-data.s3.amazonaws.com/photos/164182843/medium.jpeg,Carcharhinus amblyrhynchos,Grey Reef Shark
https://www.inaturalist.org/observations/98683028,https://inaturalist-open-data.s3.amazonaws.com/photos/164358244/medium.jpeg,Carcharhinus amblyrhynchos,Grey Reef Shark
https://www.inaturalist.org/observations/98690383,https://inaturalist-open-data.s3.amazonaws.com/photos/164370606/medium.jpeg,Carcharhinus amblyrhynchos,Grey Reef Shark
https://www.inaturalist.org/observations/98690398,https://inaturalist-open-data.s3.amazonaws.com/photos/164370644/medium.jpeg,Carcharhinus amblyrhynchos,Grey Reef Shark
https://www.inaturalist.org/observations/98690401,https://inaturalist-open-data.s3.amazonaws.com/photos/164370659/medium.jpeg,Carcharhinus amblyrhynchos,Grey Reef Shark
https://www.inaturalist.org/observations/98690405,https://inaturalist-open-data.s3.amazonaws.com/photos/164370676/medium.jpeg,Carcharhinus amblyrhynchos,Grey Reef Shark
https://www.inaturalist.org/observations/98830137,https://inaturalist-open-data.s3.amazonaws.com/photos/164630390/medium.jpeg,Carcharhinus amblyrhynchos,Grey Reef Shark
https://www.inaturalist.org/observations/99009438,https://inaturalist-open-data.s3.amazonaws.com/photos/164956544/medium.jpeg,Carcharhinus amblyrhynchos,Grey Reef Shark
https://www.inaturalist.org/observations/99101242,https://inaturalist-open-data.s3.amazonaws.com/photos/165125696/medium.jpeg,Carcharhinus amblyrhynchos,Grey Reef Shark
https://www.inaturalist.org/observations/99101282,https://inaturalist-open-data.s3.amazonaws.com/photos/165126314/medium.jpeg,Carcharhinus amblyrhynchos,Grey Reef Shark
https://www.inaturalist.org/observations/99102835,https://inaturalist-open-data.s3.amazonaws.com/photos/165130076/medium.jpeg,Carcharhinus amblyrhynchos,Grey Reef Shark
https://www.inaturalist.org/observations/99177993,https://inaturalist-open-data.s3.amazonaws.com/photos/165277502/medium.jpeg,Carcharhinus amblyrhynchos,Grey Reef Shark
https://www.inaturalist.org/observations/99200982,https://inaturalist-open-data.s3.amazonaws.com/photos/165319286/medium.jpeg,Carcharhinus amblyrhynchos,Grey Reef Shark
https://www.inaturalist.org/observations/99700386,https://static.inaturalist.org/photos/166257487/medium.jpg,Carcharhinus amblyrhynchos,Grey Reef Shark
https://www.inaturalist.org/observations/99835118,https://inaturalist-open-data.s3.amazonaws.com/photos/166511536/medium.jpeg,Carcharhinus amblyrhynchos,Grey Reef Shark
https://www.inaturalist.org/observations/100622845,https://inaturalist-open-data.s3.amazonaws.com/photos/167964778/medium.jpeg,Carcharhinus amblyrhynchos,Grey Reef Shark
https://www.inaturalist.org/observations/101173591,https://inaturalist-open-data.s3.amazonaws.com/photos/168929137/medium.jpeg,Carcharhinus amblyrhynchos,Grey Reef Shark
https://www.inaturalist.org/observations/101333403,https://inaturalist-open-data.s3.amazonaws.com/photos/169215184/medium.jpg,Carcharhinus amblyrhynchos,Grey Reef Shark
https://www.inaturalist.org/observations/101516818,https://inaturalist-open-data.s3.amazonaws.com/photos/169554974/medium.jpeg,Carcharhinus amblyrhynchos,Grey Reef Shark
https://www.inaturalist.org/observations/101597734,https://inaturalist-open-data.s3.amazonaws.com/photos/169694303/medium.jpeg,Carcharhinus amblyrhynchos,Grey Reef Shark
https://www.inaturalist.org/observations/102113475,https://inaturalist-open-data.s3.amazonaws.com/photos/170626345/medium.jpeg,Carcharhinus amblyrhynchos,Grey Reef Shark
https://www.inaturalist.org/observations/102212747,https://inaturalist-open-data.s3.amazonaws.com/photos/170810385/medium.jpeg,Carcharhinus amblyrhynchos,Grey Reef Shark
https://www.inaturalist.org/observations/102963642,https://inaturalist-open-data.s3.amazonaws.com/photos/172224581/medium.jpeg,Carcharhinus amblyrhynchos,Grey Reef Shark
https://www.inaturalist.org/observations/103568835,https://inaturalist-open-data.s3.amazonaws.com/photos/173371275/medium.jpeg,Carcharhinus amblyrhynchos,Grey Reef Shark
https://www.inaturalist.org/observations/104159809,https://inaturalist-open-data.s3.amazonaws.com/photos/174504286/medium.jpeg,Carcharhinus amblyrhynchos,Grey Reef Shark
https://www.inaturalist.org/observations/104237690,https://inaturalist-open-data.s3.amazonaws.com/photos/174633949/medium.jpg,Carcharhinus amblyrhynchos,Grey Reef Shark
https://www.inaturalist.org/observations/104387535,https://static.inaturalist.org/photos/174900490/medium.png,Carcharhinus amblyrhynchos,Grey Reef Shark
https://www.inaturalist.org/observations/104447864,https://inaturalist-open-data.s3.amazonaws.com/photos/175014928/medium.jpeg,Carcharhinus amblyrhynchos,Grey Reef Shark
https://www.inaturalist.org/observations/104447875,https://inaturalist-open-data.s3.amazonaws.com/photos/175015217/medium.jpeg,Carcharhinus amblyrhynchos,Grey Reef Shark
https://www.inaturalist.org/observations/104447876,https://inaturalist-open-data.s3.amazonaws.com/photos/175015227/medium.jpeg,Carcharhinus amblyrhynchos,Grey Reef Shark
https://www.inaturalist.org/observations/104559591,https://inaturalist-open-data.s3.amazonaws.com/photos/175226846/medium.jpg,Carcharhinus amblyrhynchos,Grey Reef Shark
https://www.inaturalist.org/observations/104881435,https://inaturalist-open-data.s3.amazonaws.com/photos/175840126/medium.jpg,Carcharhinus amblyrhynchos,Grey Reef Shark
https://www.inaturalist.org/observations/105210333,https://inaturalist-open-data.s3.amazonaws.com/photos/176476195/medium.jpg,Carcharhinus amblyrhynchos,Grey Reef Shark
https://www.inaturalist.org/observations/105299126,https://static.inaturalist.org/photos/176643813/medium.jpg,Carcharhinus amblyrhynchos,Grey Reef Shark
https://www.inaturalist.org/observations/105320775,https://static.inaturalist.org/photos/176688752/medium.jpg,Carcharhinus amblyrhynchos,Grey Reef Shark
https://www.inaturalist.org/observations/105583903,https://static.inaturalist.org/photos/177186767/medium.jpg,Carcharhinus amblyrhynchos,Grey Reef Shark
https://www.inaturalist.org/observations/105654059,https://inaturalist-open-data.s3.amazonaws.com/photos/177320125/medium.jpeg,Carcharhinus amblyrhynchos,Grey Reef Shark
https://www.inaturalist.org/observations/105959549,https://inaturalist-open-data.s3.amazonaws.com/photos/177903904/medium.jpg,Carcharhinus amblyrhynchos,Grey Reef Shark
https://www.inaturalist.org/observations/106509641,https://inaturalist-open-data.s3.amazonaws.com/photos/178933993/medium.gif,Carcharhinus amblyrhynchos,Grey Reef Shark
https://www.inaturalist.org/observations/106511464,https://inaturalist-open-data.s3.amazonaws.com/photos/178937130/medium.gif,Carcharhinus amblyrhynchos,Grey Reef Shark
https://www.inaturalist.org/observations/106722816,https://inaturalist-open-data.s3.amazonaws.com/photos/179342200/medium.jpg,Carcharhinus amblyrhynchos,Grey Reef Shark
https://www.inaturalist.org/observations/106810584,https://inaturalist-open-data.s3.amazonaws.com/photos/179511944/medium.jpeg,Carcharhinus amblyrhynchos,Grey Reef Shark
https://www.inaturalist.org/observations/107290013,https://inaturalist-open-data.s3.amazonaws.com/photos/180418766/medium.jpg,Carcharhinus amblyrhynchos,Grey Reef Shark
https://www.inaturalist.org/observations/107544532,https://inaturalist-open-data.s3.amazonaws.com/photos/180898778/medium.jpeg,Carcharhinus amblyrhynchos,Grey Reef Shark
https://www.inaturalist.org/observations/107634398,https://inaturalist-open-data.s3.amazonaws.com/photos/181066700/medium.jpeg,Carcharhinus amblyrhynchos,Grey Reef Shark
https://www.inaturalist.org/observations/107634400,https://inaturalist-open-data.s3.amazonaws.com/photos/181066612/medium.jpeg,Carcharhinus amblyrhynchos,Grey Reef Shark
https://www.inaturalist.org/observations/107634401,https://inaturalist-open-data.s3.amazonaws.com/photos/181066383/medium.jpeg,Carcharhinus amblyrhynchos,Grey Reef Shark
https://www.inaturalist.org/observations/107634402,https://inaturalist-open-data.s3.amazonaws.com/photos/181066280/medium.jpeg,Carcharhinus amblyrhynchos,Grey Reef Shark
https://www.inaturalist.org/observations/107634409,https://inaturalist-open-data.s3.amazonaws.com/photos/181068459/medium.jpeg,Carcharhinus amblyrhynchos,Grey Reef Shark
https://www.inaturalist.org/observations/108150562,https://inaturalist-open-data.s3.amazonaws.com/photos/182034062/medium.jpeg,Carcharhinus amblyrhynchos,Grey Reef Shark
https://www.inaturalist.org/observations/108574913,https://static.inaturalist.org/photos/182831544/medium.jpg,Carcharhinus amblyrhynchos,Grey Reef Shark
https://www.inaturalist.org/observations/109110829,https://inaturalist-open-data.s3.amazonaws.com/photos/183833094/medium.jpg,Carcharhinus amblyrhynchos,Grey Reef Shark
https://www.inaturalist.org/observations/109340306,https://inaturalist-open-data.s3.amazonaws.com/photos/184266325/medium.jpeg,Carcharhinus amblyrhynchos,Grey Reef Shark
https://www.inaturalist.org/observations/109340311,https://inaturalist-open-data.s3.amazonaws.com/photos/184266367/medium.jpeg,Carcharhinus amblyrhynchos,Grey Reef Shark
https://www.inaturalist.org/observations/109908603,https://inaturalist-open-data.s3.amazonaws.com/photos/185328623/medium.jpeg,Carcharhinus amblyrhynchos,Grey Reef Shark
https://www.inaturalist.org/observations/109909189,https://inaturalist-open-data.s3.amazonaws.com/photos/185329649/medium.jpeg,Carcharhinus amblyrhynchos,Grey Reef Shark
https://www.inaturalist.org/observations/110457926,https://inaturalist-open-data.s3.amazonaws.com/photos/186337216/medium.jpg,Carcharhinus amblyrhynchos,Grey Reef Shark
https://www.inaturalist.org/observations/111067100,https://inaturalist-open-data.s3.amazonaws.com/photos/187449783/medium.jpg,Carcharhinus amblyrhynchos,Grey Reef Shark
https://www.inaturalist.org/observations/111180271,https://inaturalist-open-data.s3.amazonaws.com/photos/187657954/medium.jpg,Carcharhinus amblyrhynchos,Grey Reef Shark
https://www.inaturalist.org/observations/111271949,https://inaturalist-open-data.s3.amazonaws.com/photos/187823093/medium.jpg,Carcharhinus amblyrhynchos,Grey Reef Shark
https://www.inaturalist.org/observations/111277242,https://inaturalist-open-data.s3.amazonaws.com/photos/187831849/medium.jpg,Carcharhinus amblyrhynchos,Grey Reef Shark
https://www.inaturalist.org/observations/111280728,https://static.inaturalist.org/photos/187840772/medium.jpg,Carcharhinus amblyrhynchos,Grey Reef Shark
https://www.inaturalist.org/observations/111329873,https://inaturalist-open-data.s3.amazonaws.com/photos/187927395/medium.jpg,Carcharhinus amblyrhynchos,Grey Reef Shark
https://www.inaturalist.org/observations/111815655,https://static.inaturalist.org/photos/188805883/medium.jpg,Carcharhinus amblyrhynchos,Grey Reef Shark
https://www.inaturalist.org/observations/112301230,https://inaturalist-open-data.s3.amazonaws.com/photos/189683037/medium.jpg,Carcharhinus amblyrhynchos,Grey Reef Shark
https://www.inaturalist.org/observations/112306054,https://inaturalist-open-data.s3.amazonaws.com/photos/189690750/medium.jpg,Carcharhinus amblyrhynchos,Grey Reef Shark
https://www.inaturalist.org/observations/112360238,https://inaturalist-open-data.s3.amazonaws.com/photos/189789679/medium.jpeg,Carcharhinus amblyrhynchos,Grey Reef Shark
https://www.inaturalist.org/observations/115712141,https://inaturalist-open-data.s3.amazonaws.com/photos/195293089/medium.jpg,Carcharhinus amblyrhynchos,Grey Reef Shark
https://www.inaturalist.org/observations/116422927,https://inaturalist-open-data.s3.amazonaws.com/photos/196523861/medium.jpeg,Carcharhinus amblyrhynchos,Grey Reef Shark
https://www.inaturalist.org/observations/117183942,https://static.inaturalist.org/photos/197875247/medium.jpeg,Carcharhinus amblyrhynchos,Grey Reef Shark
https://www.inaturalist.org/observations/117361225,https://inaturalist-open-data.s3.amazonaws.com/photos/198193458/medium.jpg,Carcharhinus amblyrhynchos,Grey Reef Shark
https://www.inaturalist.org/observations/117463594,https://inaturalist-open-data.s3.amazonaws.com/photos/198380111/medium.jpg,Carcharhinus amblyrhynchos,Grey Reef Shark
https://www.inaturalist.org/observations/118131485,https://inaturalist-open-data.s3.amazonaws.com/photos/199561444/medium.jpeg,Carcharhinus amblyrhynchos,Grey Reef Shark
https://www.inaturalist.org/observations/119373147,https://inaturalist-open-data.s3.amazonaws.com/photos/201785915/medium.jpeg,Carcharhinus amblyrhynchos,Grey Reef Shark
https://www.inaturalist.org/observations/120121527,https://inaturalist-open-data.s3.amazonaws.com/photos/203134191/medium.jpeg,Carcharhinus amblyrhynchos,Grey Reef Shark
https://www.inaturalist.org/observations/120866312,https://static.inaturalist.org/photos/204471691/medium.jpeg,Carcharhinus amblyrhynchos,Grey Reef Shark
https://www.inaturalist.org/observations/122235035,https://inaturalist-open-data.s3.amazonaws.com/photos/206927779/medium.jpg,Carcharhinus amblyrhynchos,Grey Reef Shark
https://www.inaturalist.org/observations/122773034,https://static.inaturalist.org/photos/207909240/medium.jpeg,Carcharhinus amblyrhynchos,Grey Reef Shark
https://www.inaturalist.org/observations/122773036,https://static.inaturalist.org/photos/207909786/medium.jpeg,Carcharhinus amblyrhynchos,Grey Reef Shark
https://www.inaturalist.org/observations/122773037,https://static.inaturalist.org/photos/207909900/medium.jpeg,Carcharhinus amblyrhynchos,Grey Reef Shark
https://www.inaturalist.org/observations/122773043,https://static.inaturalist.org/photos/207910177/medium.jpg,Carcharhinus amblyrhynchos,Grey Reef Shark
https://www.inaturalist.org/observations/124086218,https://inaturalist-open-data.s3.amazonaws.com/photos/210281539/medium.jpeg,Carcharhinus amblyrhynchos,Grey Reef Shark
https://www.inaturalist.org/observations/124086219,https://inaturalist-open-data.s3.amazonaws.com/photos/210281587/medium.jpeg,Carcharhinus amblyrhynchos,Grey Reef Shark
https://www.inaturalist.org/observations/124086221,https://inaturalist-open-data.s3.amazonaws.com/photos/210281706/medium.jpeg,Carcharhinus amblyrhynchos,Grey Reef Shark
https://www.inaturalist.org/observations/124086222,https://inaturalist-open-data.s3.amazonaws.com/photos/210281938/medium.jpeg,Carcharhinus amblyrhynchos,Grey Reef Shark
https://www.inaturalist.org/observations/124086228,https://inaturalist-open-data.s3.amazonaws.com/photos/210282112/medium.jpeg,Carcharhinus amblyrhynchos,Grey Reef Shark
https://www.inaturalist.org/observations/124086230,https://inaturalist-open-data.s3.amazonaws.com/photos/210282278/medium.jpeg,Carcharhinus amblyrhynchos,Grey Reef Shark
https://www.inaturalist.org/observations/124086231,https://inaturalist-open-data.s3.amazonaws.com/photos/210282348/medium.jpeg,Carcharhinus amblyrhynchos,Grey Reef Shark
https://www.inaturalist.org/observations/124850287,https://inaturalist-open-data.s3.amazonaws.com/photos/211664320/medium.jpeg,Carcharhinus amblyrhynchos,Grey Reef Shark
https://www.inaturalist.org/observations/124850290,https://inaturalist-open-data.s3.amazonaws.com/photos/211664378/medium.jpeg,Carcharhinus amblyrhynchos,Grey Reef Shark
https://www.inaturalist.org/observations/124860159,https://inaturalist-open-data.s3.amazonaws.com/photos/211680750/medium.jpeg,Carcharhinus amblyrhynchos,Grey Reef Shark
https://www.inaturalist.org/observations/125764542,https://inaturalist-open-data.s3.amazonaws.com/photos/213312289/medium.jpeg,Carcharhinus amblyrhynchos,Grey Reef Shark
https://www.inaturalist.org/observations/125858821,https://static.inaturalist.org/photos/213480524/medium.jpeg,Carcharhinus amblyrhynchos,Grey Reef Shark
https://www.inaturalist.org/observations/125993078,https://static.inaturalist.org/photos/213711955/medium.png,Carcharhinus amblyrhynchos,Grey Reef Shark
https://www.inaturalist.org/observations/126037114,https://static.inaturalist.org/photos/213809174/medium.jpeg,Carcharhinus amblyrhynchos,Grey Reef Shark
https://www.inaturalist.org/observations/126989097,https://inaturalist-open-data.s3.amazonaws.com/photos/215533538/medium.jpg,Carcharhinus amblyrhynchos,Grey Reef Shark
https://www.inaturalist.org/observations/128073032,https://static.inaturalist.org/photos/217504855/medium.jpg,Carcharhinus amblyrhynchos,Grey Reef Shark
https://www.inaturalist.org/observations/128548003,https://static.inaturalist.org/photos/218350417/medium.jpg,Carcharhinus amblyrhynchos,Grey Reef Shark
https://www.inaturalist.org/observations/131324955,https://static.inaturalist.org/photos/223467301/medium.jpg,Carcharhinus amblyrhynchos,Grey Reef Shark
https://www.inaturalist.org/observations/131327515,https://static.inaturalist.org/photos/223472325/medium.jpg,Carcharhinus amblyrhynchos,Grey Reef Shark
https://www.inaturalist.org/observations/131330792,https://static.inaturalist.org/photos/223478182/medium.jpg,Carcharhinus amblyrhynchos,Grey Reef Shark
https://www.inaturalist.org/observations/131457701,https://static.inaturalist.org/photos/223715363/medium.jpg,Carcharhinus amblyrhynchos,Grey Reef Shark
https://www.inaturalist.org/observations/131458599,https://static.inaturalist.org/photos/223717128/medium.jpg,Carcharhinus amblyrhynchos,Grey Reef Shark
https://www.inaturalist.org/observations/131459086,https://static.inaturalist.org/photos/223717932/medium.jpg,Carcharhinus amblyrhynchos,Grey Reef Shark
https://www.inaturalist.org/observations/131638023,https://inaturalist-open-data.s3.amazonaws.com/photos/224045851/medium.jpg,Carcharhinus amblyrhynchos,Grey Reef Shark
https://www.inaturalist.org/observations/132385631,https://inaturalist-open-data.s3.amazonaws.com/photos/225440126/medium.jpg,Carcharhinus amblyrhynchos,Grey Reef Shark
https://www.inaturalist.org/observations/133044822,https://inaturalist-open-data.s3.amazonaws.com/photos/226557639/medium.jpg,Carcharhinus amblyrhynchos,Grey Reef Shark
https://www.inaturalist.org/observations/133064167,https://inaturalist-open-data.s3.amazonaws.com/photos/226597844/medium.jpg,Carcharhinus amblyrhynchos,Grey Reef Shark
https://www.inaturalist.org/observations/133394007,https://inaturalist-open-data.s3.amazonaws.com/photos/227207358/medium.jpeg,Carcharhinus amblyrhynchos,Grey Reef Shark
https://www.inaturalist.org/observations/133406967,https://inaturalist-open-data.s3.amazonaws.com/photos/227230718/medium.jpeg,Carcharhinus amblyrhynchos,Grey Reef Shark
https://www.inaturalist.org/observations/134478172,https://static.inaturalist.org/photos/229211938/medium.jpg,Carcharhinus amblyrhynchos,Grey Reef Shark
https://www.inaturalist.org/observations/134590155,https://static.inaturalist.org/photos/229383492/medium.jpg,Carcharhinus amblyrhynchos,Grey Reef Shark
https://www.inaturalist.org/observations/134590229,https://static.inaturalist.org/photos/229421961/medium.jpg,Carcharhinus amblyrhynchos,Grey Reef Shark
https://www.inaturalist.org/observations/134830553,https://static.inaturalist.org/photos/229887823/medium.jpg,Carcharhinus amblyrhynchos,Grey Reef Shark
https://www.inaturalist.org/observations/135249531,https://static.inaturalist.org/photos/230653457/medium.jpg,Carcharhinus amblyrhynchos,Grey Reef Shark
https://www.inaturalist.org/observations/136536717,https://static.inaturalist.org/photos/233042522/medium.jpg,Carcharhinus amblyrhynchos,Grey Reef Shark
https://www.inaturalist.org/observations/138695186,https://inaturalist-open-data.s3.amazonaws.com/photos/236926762/medium.jpg,Carcharhinus amblyrhynchos,Grey Reef Shark
https://www.inaturalist.org/observations/138695187,https://inaturalist-open-data.s3.amazonaws.com/photos/236926787/medium.jpg,Carcharhinus amblyrhynchos,Grey Reef Shark
https://www.inaturalist.org/observations/139179726,https://inaturalist-open-data.s3.amazonaws.com/photos/238003908/medium.png,Carcharhinus amblyrhynchos,Grey Reef Shark
https://www.inaturalist.org/observations/141516573,https://static.inaturalist.org/photos/242529002/medium.jpg,Carcharhinus amblyrhynchos,Grey Reef Shark
